strategy,h,n,n_dates,mean,median,win,ex_mean,ex_win,se
RSI<30 첫날,5,7533,1609,0.0063383395333139895,0.005362806228480288,0.556219301739015,0.0006369269254717202,0.4972786406478163,0.0006627322331726676
RSI<30 첫날,10,7533,1609,0.007328353123741803,0.008786545881643182,0.566971989911058,0.0016274257306153354,0.4966148944643568,0.0009483014780181496
RSI<30 첫날,20,7533,1609,0.016361252237468617,0.01580204053723122,0.577724678083101,0.002045803713071564,0.4824107261383247,0.0012847003663000944
RSI 30 재돌파,5,7485,1521,-0.0002168175503291406,0.0013567968552126164,0.513560454241817,0.00044851674023809075,0.48964595858383436,0.0006613976984558446
RSI 30 재돌파,10,7485,1521,1.6720267603160276e-05,0.004496803059958143,0.5318637274549098,-0.0006490005553423567,0.48256513026052106,0.0009765221081978304
RSI 30 재돌파,20,7485,1521,0.012570023976142526,0.01325751743232595,0.569939879759519,0.00032078343609023575,0.4778891115564462,0.0012045252270289067
스토캐스틱 과매도 골든크로스,5,23989,2380,0.0035246164141850803,0.003775926031845289,0.5436241610738255,0.0005023837074606202,0.49952061361457334,0.0003218384113263254
스토캐스틱 과매도 골든크로스,10,23989,2380,0.006725077088696981,0.005980724037912166,0.5485013964733836,0.0013552816347707978,0.4973946392096377,0.00046245990259822194
스토캐스틱 과매도 골든크로스,20,23989,2380,0.015198925614379636,0.013235351222309566,0.5697194547500938,0.0033410770614206915,0.49364291967151613,0.0006553460351133064
윌리엄스%R −80 재돌파,5,29855,2483,0.002508840345808555,0.002658625023602701,0.5306313850276335,0.000406836119221431,0.49271478814268965,0.00029028521521986395
윌리엄스%R −80 재돌파,10,29855,2483,0.005507596040983161,0.005058923024602313,0.541651314687657,0.0009609488674639329,0.494222073354547,0.00041194139229527524
윌리엄스%R −80 재돌파,20,29855,2483,0.014492267769266426,0.01178664789325401,0.5620499078881259,0.003290599182258137,0.4958298442471948,0.000576174501766291
과매도 3개 동시,5,7210,1568,0.007456349389248023,0.006381194554565317,0.5644937586685159,0.0009803542439485407,0.5024965325936199,0.0006722350740568488
과매도 3개 동시,10,7210,1568,0.008297382508260395,0.009937290267042154,0.5757281553398058,0.002156563718313032,0.49819694868238557,0.000986371262120163
과매도 3개 동시,20,7210,1568,0.01715818899479654,0.017049786410252454,0.5840499306518724,0.0025392637254310966,0.48474341192787795,0.0013274476108294487
RSI<30 첫날 + 시장 상승,5,5139,1351,0.005299111689898739,0.00451380536763879,0.5464098073555166,0.0010220287063934025,0.5047674644872543,0.0006742855304952526
RSI<30 첫날 + 시장 상승,10,5139,1351,0.00746233225210626,0.007046325722045665,0.5592527729130181,0.0010828503570049477,0.4897840046701693,0.0009977053504321663
RSI<30 첫날 + 시장 상승,20,5139,1351,0.011528215269620919,0.011359006042064745,0.563922942206655,0.0014548223922023645,0.47421677369137966,0.0014168785062666134
RSI 30 재돌파 + 시장 상승,5,5282,1283,-0.0008902783430265384,0.0015705738227197452,0.5193108670957971,-0.000329227596360062,0.4804998106777736,0.0007091020640327324
RSI 30 재돌파 + 시장 상승,10,5282,1283,-0.0033534830591735285,0.003082830835792527,0.5249905338886786,-0.0018977788134764274,0.4714123438091632,0.0011732851014755522
RSI 30 재돌파 + 시장 상승,20,5282,1283,0.0062158596583544255,0.00900843274787988,0.5511170011359333,-0.0010301000774891737,0.466868610374858,0.0013524000398701234
과매도 3개 동시 + 시장 상승,5,4892,1316,0.005953395783149534,0.004777792669513503,0.5500817661488144,0.001419865912618928,0.5065412919051513,0.0006778472576957261
과매도 3개 동시 + 시장 상승,10,4892,1316,0.008040648243481795,0.007570475223541373,0.5652085036794767,0.001564929540888166,0.4916189697465249,0.0010298297796529046
과매도 3개 동시 + 시장 상승,20,4892,1316,0.012512970616838408,0.013748696850578668,0.5744071954210956,0.002208546046684258,0.4779231398201145,0.0014712784465487681
버핏+RSI<30 첫날,5,481,320,0.0073073878449125464,0.007098431614992462,0.5571725571725572,0.004028896724432856,0.5280665280665281,0.0023729306397672493
버핏+RSI<30 첫날,10,481,320,0.0054000295476076534,0.00496099870986999,0.5509355509355509,0.0018679094246782596,0.4760914760914761,0.003124703634580958
버핏+RSI<30 첫날,20,481,320,0.017146405101877652,0.016995706621601547,0.5738045738045738,0.003669341043200178,0.4885654885654886,0.0045220515923287555
버핏+RSI 30 재돌파,5,476,302,-0.002042761644373845,-0.0016033119577287813,0.4789915966386555,-0.0011675596647639018,0.47689075630252103,0.002307137588448945
버핏+RSI 30 재돌파,10,476,302,-0.004317285777257496,-0.0002495153371850911,0.49789915966386555,-0.004867810718066981,0.45588235294117646,0.0034980189315292325
버핏+RSI 30 재돌파,20,476,302,0.010770141076667274,0.01397061605285832,0.5777310924369747,-0.0015612723420258374,0.4726890756302521,0.004250566893783723
버핏+스토캐스틱 과매도 골든크로스,5,1583,811,0.0022840367478617314,0.0030054096395188967,0.5344283006948831,-0.0005626201172519197,0.4965255843335439,0.001177693356551287
버핏+스토캐스틱 과매도 골든크로스,10,1583,811,0.004247950127689168,0.00543859260889179,0.540113708149084,0.0003750016776843169,0.4990524320909665,0.0016367391138901923
버핏+스토캐스틱 과매도 골든크로스,20,1583,811,0.014274013252067395,0.014234175944486394,0.5837018319646241,0.003028935989427408,0.5116866708780796,0.002276814255068428
버핏+윌리엄스%R −80 재돌파,5,1992,961,0.0011627616775913095,0.0024983669956926136,0.5225903614457831,-0.0008699484413035525,0.4904618473895582,0.0010625929962918572
버핏+윌리엄스%R −80 재돌파,10,1992,961,0.005448709778720349,0.004404025643268361,0.5446787148594378,0.001758762005806357,0.5055220883534136,0.0014826434897914382
버핏+윌리엄스%R −80 재돌파,20,1992,961,0.014390282061953833,0.01639911712075892,0.5843373493975904,0.003474737931325008,0.5256024096385542,0.0020355717541931384
버핏+과매도 3개 동시,5,463,312,0.010771691248504342,0.008844489066826,0.5831533477321814,0.005346048953404438,0.5399568034557235,0.002419478300725327
버핏+과매도 3개 동시,10,463,312,0.007212267063143746,0.006302976433546048,0.5701943844492441,0.002844833788723452,0.490280777537797,0.003221479759937628
버핏+과매도 3개 동시,20,463,312,0.018727734794041023,0.01710416155312644,0.5831533477321814,0.004389617517717293,0.48596112311015116,0.004615758928591657
버핏+RSI<30 첫날 + 시장 상승,5,336,238,0.001532962084140121,0.0013557515754186733,0.5148809523809523,6.227929581254285e-05,0.5,0.0025147817633339566
버핏+RSI<30 첫날 + 시장 상승,10,336,238,-0.0001980441645015923,0.0018429885673553192,0.5148809523809523,-0.001965819462158751,0.4583333333333333,0.003312944210507869
버핏+RSI<30 첫날 + 시장 상승,20,336,238,0.0071031392058294295,0.009519644614107925,0.5386904761904762,-0.0001389097012306832,0.47619047619047616,0.004975588726359467
버핏+RSI 30 재돌파 + 시장 상승,5,326,234,-0.002644928147493184,-0.003142126894731534,0.4570552147239264,-0.0013486700723917,0.46932515337423314,0.002632028511075936
버핏+RSI 30 재돌파 + 시장 상승,10,326,234,-0.0049446703744932185,-0.0012055742131583669,0.49079754601226994,-0.0034150870882621548,0.4570552147239264,0.004223238651576973
버핏+RSI 30 재돌파 + 시장 상승,20,326,234,0.007030737147279591,0.011286790565559923,0.5674846625766872,-0.0006620668711093874,0.4815950920245399,0.004861858405069185
버핏+과매도 3개 동시 + 시장 상승,5,326,237,0.003560422782430611,0.0025993413572865665,0.5306748466257669,0.0018607302904810764,0.5061349693251533,0.002487972825943366
버핏+과매도 3개 동시 + 시장 상승,10,326,237,0.001270961394174839,0.003393881517893438,0.5306748466257669,2.4184447289416173e-05,0.4754601226993865,0.0034763603676023877
버핏+과매도 3개 동시 + 시장 상승,20,326,237,0.0085281916618618,0.010478244603609133,0.5552147239263804,0.0014751982033186543,0.4815950920245399,0.005024886370798198
기준선: 유니버스 아무 날,5,1103881,,0.0033333253478891023,0.0033135363836336307,0.540985849018146,0.0005333277909546895,0.4974784419697413,4.6040826781691436e-05
기준선: 유니버스 아무 날,10,1103881,,0.00664646450187084,0.0061962297979754055,0.5530369668469699,0.0010155095718320016,0.4951946813107572,6.403125374257818e-05
기준선: 유니버스 아무 날,20,1103881,,0.0133611211281857,0.011508608216764138,0.5647737391983375,0.0019794307628997654,0.4934010097102858,9.145774851090089e-05
기준선: 유니버스 시장 상승일,5,903673,,0.002806515419404185,0.002708442310621617,0.5354802013560215,0.0003506437954385169,0.4937803829482567,4.5922210153799566e-05
기준선: 유니버스 시장 상승일,10,903673,,0.005307747629512612,0.004879358879617213,0.5444237019364305,0.0006240411490947262,0.4905435926491109,6.542110860433327e-05
기준선: 유니버스 시장 상승일,20,903673,,0.010394175575240298,0.00948254835420781,0.5565055058632935,0.0011354835374558416,0.4873488529589796,9.524382782953301e-05
기준선: 버핏 통과 종목 아무 날,5,73986,,0.0032093254656405212,0.0035618183400640824,0.5459140918552159,0.0004547017168274678,0.5041359176060336,0.00016565672833172327
기준선: 버핏 통과 종목 아무 날,10,73986,,0.006438566606295764,0.0069161902224620375,0.5574973643662314,0.00090403165793237,0.502892439110102,0.00023120946883521462
기준선: 버핏 통과 종목 아무 날,20,73986,,0.012927799986201373,0.013226219898043734,0.5722298813289001,0.0017230081208555947,0.5077041602465331,0.00032526768253888496
기준선: 버핏 통과 종목 시장 상승일,5,61400,,0.002392702997982701,0.0029292183438630603,0.5396579804560261,-3.0144861390763725e-05,0.4982247557003257,0.00016849556372989816
기준선: 버핏 통과 종목 시장 상승일,10,61400,,0.004701282987588428,0.005410998689852176,0.5474755700325733,4.7641548010999325e-05,0.4959609120521173,0.00023833628486215645
기준선: 버핏 통과 종목 시장 상승일,20,61400,,0.009593656469973743,0.011189678292840566,0.5633224755700326,0.0002836178433207935,0.4990228013029316,0.0003373743826529315
기준선: SPY 아무 날,5,2683,,0.002790986338096286,0.004105962026148324,0.6105106224375699,,,0.0004423018448147384
기준선: SPY 아무 날,10,2683,,0.005617516001335417,0.008179134466530291,0.6481550503168095,,,0.0006086283990084713
기준선: SPY 아무 날,20,2683,,0.011360293374933257,0.017042693808845044,0.6869176295191949,,,0.0008455065381861468
