ticker,period,variant,n,win4,win8,win13,win26,mean13,worst13
^GSPC,2010~2022(영상 기간),기준선: 아무 주,679,0.646539027982327,0.6966126656848306,0.7260677466863034,0.7614138438880707,0.02694273408979795,-0.284457459335854
^GSPC,2010~2022(영상 기간),%R(14) · %K<20 & %R<-80,3,0.6666666666666666,0.6666666666666666,1.0,1.0,0.11963052643736301,0.08384764903515785
^GSPC,2010~2022(영상 기간),%R(14) · %K<10 & %R<-90,0,,,,,,
^GSPC,2010~2022(영상 기간),%R(21) · %K<20 & %R<-80,3,0.6666666666666666,0.6666666666666666,1.0,0.6666666666666666,0.11290952595695458,0.06368464759393255
^GSPC,2010~2022(영상 기간),%R(21) · %K<10 & %R<-90,0,,,,,,
^GSPC,2010~2022(영상 기간),%R(28) · %K<20 & %R<-80,3,0.6666666666666666,0.6666666666666666,1.0,0.6666666666666666,0.11290952595695458,0.06368464759393255
^GSPC,2010~2022(영상 기간),%R(28) · %K<10 & %R<-90,0,,,,,,
^GSPC,2023~(이후),기준선: 아무 주,183,0.703125,0.7659574468085106,0.8415300546448088,0.9058823529411765,0.04857963060232294,-0.14613285474272808
^GSPC,2023~(이후),%R(14) · %K<20 & %R<-80,2,1.0,1.0,1.0,1.0,0.19163980530797564,0.14574492433314679
^GSPC,2023~(이후),%R(14) · %K<10 & %R<-90,0,,,,,,
^GSPC,2023~(이후),%R(21) · %K<20 & %R<-80,2,1.0,1.0,1.0,1.0,0.19163980530797564,0.14574492433314679
^GSPC,2023~(이후),%R(21) · %K<10 & %R<-90,0,,,,,,
^GSPC,2023~(이후),%R(28) · %K<20 & %R<-80,2,1.0,1.0,1.0,1.0,0.21271081623687926,0.18788694619095403
^GSPC,2023~(이후),%R(28) · %K<10 & %R<-90,0,,,,,,
^KS200,2010~2022(영상 기간),기준선: 아무 주,0,,,,,,
^KS200,2010~2022(영상 기간),%R(14) · %K<20 & %R<-80,0,,,,,,
^KS200,2010~2022(영상 기간),%R(14) · %K<10 & %R<-90,0,,,,,,
^KS200,2010~2022(영상 기간),%R(21) · %K<20 & %R<-80,0,,,,,,
^KS200,2010~2022(영상 기간),%R(21) · %K<10 & %R<-90,0,,,,,,
^KS200,2010~2022(영상 기간),%R(28) · %K<20 & %R<-80,0,,,,,,
^KS200,2010~2022(영상 기간),%R(28) · %K<10 & %R<-90,0,,,,,,
^KS200,2023~(이후),기준선: 아무 주,0,,,,,,
^KS200,2023~(이후),%R(14) · %K<20 & %R<-80,0,,,,,,
^KS200,2023~(이후),%R(14) · %K<10 & %R<-90,0,,,,,,
^KS200,2023~(이후),%R(21) · %K<20 & %R<-80,0,,,,,,
^KS200,2023~(이후),%R(21) · %K<10 & %R<-90,0,,,,,,
^KS200,2023~(이후),%R(28) · %K<20 & %R<-80,0,,,,,,
^KS200,2023~(이후),%R(28) · %K<10 & %R<-90,0,,,,,,
005930.KS,2010~2022(영상 기간),기준선: 아무 주,678,0.5457227138643068,0.5442477876106194,0.5678466076696165,0.5634218289085545,0.03391840809159756,-0.2290249433106576
005930.KS,2010~2022(영상 기간),%R(14) · %K<20 & %R<-80,13,0.6923076923076923,0.5384615384615384,0.5384615384615384,0.8461538461538461,0.02113553273048404,-0.1729150726855394
005930.KS,2010~2022(영상 기간),%R(14) · %K<10 & %R<-90,5,0.6,0.6,0.8,0.8,0.05623230742037007,-0.13421828908554567
005930.KS,2010~2022(영상 기간),%R(21) · %K<20 & %R<-80,15,0.8,0.5333333333333333,0.5333333333333333,0.8666666666666667,0.025594459202789334,-0.1729150726855394
005930.KS,2010~2022(영상 기간),%R(21) · %K<10 & %R<-90,6,0.6666666666666666,0.6666666666666666,0.8333333333333334,0.8333333333333334,0.05376546647868252,-0.13421828908554567
005930.KS,2010~2022(영상 기간),%R(28) · %K<20 & %R<-80,11,0.6363636363636364,0.5454545454545454,0.45454545454545453,0.8181818181818182,0.01046194448568299,-0.16332378223495703
005930.KS,2010~2022(영상 기간),%R(28) · %K<10 & %R<-90,6,0.6666666666666666,0.6666666666666666,0.8333333333333334,0.6666666666666666,0.05352892755795665,-0.13421828908554567
005930.KS,2023~(이후),기준선: 아무 주,183,0.5729166666666666,0.675531914893617,0.73224043715847,0.7705882352941177,0.13865870466868424,-0.3329177057356608
005930.KS,2023~(이후),%R(14) · %K<20 & %R<-80,1,0.0,0.0,0.0,0.0,-0.15873015873015872,-0.15873015873015872
005930.KS,2023~(이후),%R(14) · %K<10 & %R<-90,1,0.0,0.0,0.0,0.0,-0.16355140186915884,-0.16355140186915884
005930.KS,2023~(이후),%R(21) · %K<20 & %R<-80,1,0.0,0.0,0.0,0.0,-0.15873015873015872,-0.15873015873015872
005930.KS,2023~(이후),%R(21) · %K<10 & %R<-90,1,0.0,0.0,0.0,0.0,-0.16355140186915884,-0.16355140186915884
005930.KS,2023~(이후),%R(28) · %K<20 & %R<-80,1,0.0,0.0,0.0,0.0,-0.15873015873015872,-0.15873015873015872
005930.KS,2023~(이후),%R(28) · %K<10 & %R<-90,1,0.0,0.0,0.0,0.0,-0.16355140186915884,-0.16355140186915884
000660.KS,2010~2022(영상 기간),기준선: 아무 주,678,0.5398230088495575,0.5530973451327433,0.5678466076696165,0.6091445427728613,0.039607518897109624,-0.515527950310559
000660.KS,2010~2022(영상 기간),%R(14) · %K<20 & %R<-80,16,0.6875,0.5,0.4375,0.75,0.032859008983705175,-0.20037453183520604
000660.KS,2010~2022(영상 기간),%R(14) · %K<10 & %R<-90,5,0.8,0.6,0.8,0.8,0.10752997543497753,-0.08842794759825323
000660.KS,2010~2022(영상 기간),%R(21) · %K<20 & %R<-80,14,0.6428571428571429,0.42857142857142855,0.42857142857142855,0.7142857142857143,0.030133106809081656,-0.20037453183520604
000660.KS,2010~2022(영상 기간),%R(21) · %K<10 & %R<-90,5,0.8,0.6,0.8,0.8,0.10752997543497753,-0.08842794759825323
000660.KS,2010~2022(영상 기간),%R(28) · %K<20 & %R<-80,11,0.45454545454545453,0.36363636363636365,0.36363636363636365,0.7272727272727273,-0.015845136605611335,-0.170697012802276
000660.KS,2010~2022(영상 기간),%R(28) · %K<10 & %R<-90,4,0.75,0.75,0.75,0.75,0.12579177963854948,-0.08842794759825323
000660.KS,2023~(이후),기준선: 아무 주,183,0.6822916666666666,0.7340425531914894,0.7978142076502732,0.9,0.2892754646943962,-0.3286324786324787
000660.KS,2023~(이후),%R(14) · %K<20 & %R<-80,1,1.0,1.0,1.0,1.0,0.07256524506683637,0.07256524506683637
000660.KS,2023~(이후),%R(14) · %K<10 & %R<-90,0,,,,,,
000660.KS,2023~(이후),%R(21) · %K<20 & %R<-80,1,1.0,1.0,1.0,1.0,0.07256524506683637,0.07256524506683637
000660.KS,2023~(이후),%R(21) · %K<10 & %R<-90,0,,,,,,
000660.KS,2023~(이후),%R(28) · %K<20 & %R<-80,1,1.0,1.0,1.0,1.0,0.07256524506683637,0.07256524506683637
000660.KS,2023~(이후),%R(28) · %K<10 & %R<-90,0,,,,,,
AAPL,2010~2022(영상 기간),기준선: 아무 주,679,0.6185567010309279,0.6627393225331369,0.6995581737849779,0.7761413843888071,0.06871896557648556,-0.33898078851116353
AAPL,2010~2022(영상 기간),%R(14) · %K<20 & %R<-80,7,0.42857142857142855,0.5714285714285714,0.7142857142857143,0.5714285714285714,0.07187752416762809,-0.12795632888831854
AAPL,2010~2022(영상 기간),%R(14) · %K<10 & %R<-90,3,0.0,0.6666666666666666,0.6666666666666666,0.6666666666666666,0.012248859270986142,-0.21894001101867644
AAPL,2010~2022(영상 기간),%R(21) · %K<20 & %R<-80,7,0.42857142857142855,0.7142857142857143,0.7142857142857143,0.5714285714285714,0.06534139288804773,-0.12795632888831854
AAPL,2010~2022(영상 기간),%R(21) · %K<10 & %R<-90,2,0.0,0.5,0.5,0.5,-0.024605034968065487,-0.1739381332824218
AAPL,2010~2022(영상 기간),%R(28) · %K<20 & %R<-80,6,0.5,0.6666666666666666,0.8333333333333334,0.5,0.09360010946030055,-0.12795632888831854
AAPL,2010~2022(영상 기간),%R(28) · %K<10 & %R<-90,2,0.0,0.5,0.5,0.5,-0.024605034968065487,-0.1739381332824218
AAPL,2023~(이후),기준선: 아무 주,183,0.6510416666666666,0.648936170212766,0.6994535519125683,0.7647058823529411,0.06391871585452892,-0.22592042895154574
AAPL,2023~(이후),%R(14) · %K<20 & %R<-80,2,1.0,1.0,1.0,1.0,0.18229136185053185,0.13361289689212552
AAPL,2023~(이후),%R(14) · %K<10 & %R<-90,1,1.0,1.0,1.0,1.0,0.3347092457481131,0.3347092457481131
AAPL,2023~(이후),%R(21) · %K<20 & %R<-80,2,0.5,1.0,1.0,1.0,0.16899476677480196,0.13361289689212552
AAPL,2023~(이후),%R(21) · %K<10 & %R<-90,1,1.0,1.0,1.0,1.0,0.3347092457481131,0.3347092457481131
AAPL,2023~(이후),%R(28) · %K<20 & %R<-80,2,0.5,1.0,1.0,1.0,0.16899476677480196,0.13361289689212552
AAPL,2023~(이후),%R(28) · %K<10 & %R<-90,0,,,,,,
MSFT,2010~2022(영상 기간),기준선: 아무 주,679,0.6067746686303387,0.6686303387334315,0.6966126656848306,0.7378497790868925,0.04712468174104625,-0.21745432637983597
MSFT,2010~2022(영상 기간),%R(14) · %K<20 & %R<-80,6,0.5,0.5,0.6666666666666666,0.6666666666666666,0.015936898389740235,-0.07053778163310964
MSFT,2010~2022(영상 기간),%R(14) · %K<10 & %R<-90,2,1.0,1.0,1.0,1.0,0.08160371141551415,0.0775895078149571
MSFT,2010~2022(영상 기간),%R(21) · %K<20 & %R<-80,6,0.5,0.5,0.6666666666666666,0.6666666666666666,0.015936898389740235,-0.07053778163310964
MSFT,2010~2022(영상 기간),%R(21) · %K<10 & %R<-90,2,1.0,1.0,1.0,1.0,0.08160371141551415,0.0775895078149571
MSFT,2010~2022(영상 기간),%R(28) · %K<20 & %R<-80,6,0.5,0.6666666666666666,0.8333333333333334,0.8333333333333334,0.02499005519805912,-0.07053778163310964
MSFT,2010~2022(영상 기간),%R(28) · %K<10 & %R<-90,3,1.0,1.0,1.0,1.0,0.06996366649921056,0.04668357666660339
MSFT,2023~(이후),기준선: 아무 주,183,0.59375,0.6117021276595744,0.6338797814207651,0.6823529411764706,0.05239929671228711,-0.2684792289178821
MSFT,2023~(이후),%R(14) · %K<20 & %R<-80,3,0.3333333333333333,0.3333333333333333,0.3333333333333333,0.6666666666666666,-0.008646726038643878,-0.17340607944748598
MSFT,2023~(이후),%R(14) · %K<10 & %R<-90,1,0.0,0.0,1.0,1.0,0.051330623262132224,0.051330623262132224
MSFT,2023~(이후),%R(21) · %K<20 & %R<-80,2,0.5,0.0,0.5,0.5,-0.006889950381395671,-0.17340607944748598
MSFT,2023~(이후),%R(21) · %K<10 & %R<-90,1,0.0,0.0,1.0,1.0,0.051330623262132224,0.051330623262132224
MSFT,2023~(이후),%R(28) · %K<20 & %R<-80,2,0.0,0.0,0.5,0.5,-0.02535882514235832,-0.21034382896941128
MSFT,2023~(이후),%R(28) · %K<10 & %R<-90,1,0.0,0.0,1.0,1.0,0.051330623262132224,0.051330623262132224
NVDA,2010~2022(영상 기간),기준선: 아무 주,679,0.5861561119293078,0.6509572901325479,0.6863033873343152,0.7290132547864506,0.10600639681371848,-0.524411069952566
NVDA,2010~2022(영상 기간),%R(14) · %K<20 & %R<-80,10,0.3,0.5,0.4,0.7,0.022094201733541697,-0.23194567249788878
NVDA,2010~2022(영상 기간),%R(14) · %K<10 & %R<-90,7,0.7142857142857143,0.5714285714285714,1.0,0.5714285714285714,0.1376152794337689,0.016813981054997207
NVDA,2010~2022(영상 기간),%R(21) · %K<20 & %R<-80,9,0.2222222222222222,0.4444444444444444,0.3333333333333333,0.6666666666666666,-0.0041044065119380585,-0.23194567249788878
NVDA,2010~2022(영상 기간),%R(21) · %K<10 & %R<-90,7,0.7142857142857143,0.5714285714285714,1.0,0.5714285714285714,0.1376152794337689,0.016813981054997207
NVDA,2010~2022(영상 기간),%R(28) · %K<20 & %R<-80,8,0.25,0.5,0.5,0.625,0.03836978564735849,-0.23194567249788878
NVDA,2010~2022(영상 기간),%R(28) · %K<10 & %R<-90,7,0.7142857142857143,0.5714285714285714,1.0,0.5714285714285714,0.1376152794337689,0.016813981054997207
NVDA,2023~(이후),기준선: 아무 주,183,0.703125,0.7287234042553191,0.7868852459016393,0.9117647058823529,0.20489775234805532,-0.3472001331645399
NVDA,2023~(이후),%R(14) · %K<20 & %R<-80,1,1.0,1.0,1.0,1.0,0.6895345187438315,0.6895345187438315
NVDA,2023~(이후),%R(14) · %K<10 & %R<-90,0,,,,,,
NVDA,2023~(이후),%R(21) · %K<20 & %R<-80,1,1.0,1.0,1.0,1.0,0.6895345187438315,0.6895345187438315
NVDA,2023~(이후),%R(21) · %K<10 & %R<-90,0,,,,,,
NVDA,2023~(이후),%R(28) · %K<20 & %R<-80,1,1.0,1.0,1.0,1.0,0.6895345187438315,0.6895345187438315
NVDA,2023~(이후),%R(28) · %K<10 & %R<-90,0,,,,,,
AMZN,2010~2022(영상 기간),기준선: 아무 주,679,0.6185567010309279,0.6509572901325479,0.6612665684830633,0.7260677466863034,0.06449724954897414,-0.3538352174361138
AMZN,2010~2022(영상 기간),%R(14) · %K<20 & %R<-80,8,0.625,0.875,0.875,0.625,0.12413717778530138,-0.13680211900664518
AMZN,2010~2022(영상 기간),%R(14) · %K<10 & %R<-90,2,1.0,1.0,1.0,0.5,0.10875189262951868,0.0664187734887387
AMZN,2010~2022(영상 기간),%R(21) · %K<20 & %R<-80,8,0.625,0.875,0.875,0.625,0.12413717778530138,-0.13680211900664518
AMZN,2010~2022(영상 기간),%R(21) · %K<10 & %R<-90,2,1.0,1.0,1.0,0.5,0.10875189262951868,0.0664187734887387
AMZN,2010~2022(영상 기간),%R(28) · %K<20 & %R<-80,8,0.75,0.875,0.875,0.625,0.11945516002158608,-0.13680211900664518
AMZN,2010~2022(영상 기간),%R(28) · %K<10 & %R<-90,2,1.0,1.0,1.0,0.5,0.10875189262951868,0.0664187734887387
AMZN,2023~(이후),기준선: 아무 주,183,0.6302083333333334,0.7127659574468085,0.7049180327868853,0.8352941176470589,0.07913712404513301,-0.23725412311955285
AMZN,2023~(이후),%R(14) · %K<20 & %R<-80,1,0.0,1.0,1.0,1.0,0.15867580758280742,0.15867580758280742
AMZN,2023~(이후),%R(14) · %K<10 & %R<-90,0,,,,,,
AMZN,2023~(이후),%R(21) · %K<20 & %R<-80,1,0.0,1.0,1.0,1.0,0.15867580758280742,0.15867580758280742
AMZN,2023~(이후),%R(21) · %K<10 & %R<-90,0,,,,,,
AMZN,2023~(이후),%R(28) · %K<20 & %R<-80,1,1.0,1.0,1.0,1.0,0.3064912494860197,0.3064912494860197
AMZN,2023~(이후),%R(28) · %K<10 & %R<-90,0,,,,,,
GOOGL,2010~2022(영상 기간),기준선: 아무 주,679,0.5920471281296024,0.6067746686303387,0.614138438880707,0.7319587628865979,0.043795933701189435,-0.26296074800929115
GOOGL,2010~2022(영상 기간),%R(14) · %K<20 & %R<-80,9,0.5555555555555556,0.7777777777777778,0.6666666666666666,0.7777777777777778,0.05456952045167345,-0.12706195235212903
GOOGL,2010~2022(영상 기간),%R(14) · %K<10 & %R<-90,5,0.4,0.8,0.6,0.6,0.05477574083054291,-0.07815109108219442
GOOGL,2010~2022(영상 기간),%R(21) · %K<20 & %R<-80,8,0.5,0.75,0.75,0.875,0.07727345455214876,-0.07757446994852135
GOOGL,2010~2022(영상 기간),%R(21) · %K<10 & %R<-90,4,0.25,0.75,0.75,0.75,0.08800744880872724,-0.04598172042534987
GOOGL,2010~2022(영상 기간),%R(28) · %K<20 & %R<-80,7,0.42857142857142855,0.7142857142857143,0.7142857142857143,0.8571428571428571,0.06783569974026296,-0.07757446994852135
GOOGL,2010~2022(영상 기간),%R(28) · %K<10 & %R<-90,4,0.25,0.75,0.75,0.75,0.08800744880872724,-0.04598172042534987
GOOGL,2023~(이후),기준선: 아무 주,183,0.59375,0.6861702127659575,0.726775956284153,0.8647058823529412,0.10604464629050604,-0.24083627300464017
GOOGL,2023~(이후),%R(14) · %K<20 & %R<-80,3,0.6666666666666666,1.0,1.0,1.0,0.1345390337515918,0.016159484161947013
GOOGL,2023~(이후),%R(14) · %K<10 & %R<-90,1,1.0,1.0,1.0,1.0,0.2330356542132177,0.2330356542132177
GOOGL,2023~(이후),%R(21) · %K<20 & %R<-80,3,0.6666666666666666,1.0,1.0,1.0,0.1345390337515918,0.016159484161947013
GOOGL,2023~(이후),%R(21) · %K<10 & %R<-90,1,1.0,1.0,1.0,1.0,0.2330356542132177,0.2330356542132177
GOOGL,2023~(이후),%R(28) · %K<20 & %R<-80,1,1.0,1.0,1.0,1.0,0.15680682084572228,0.15680682084572228
GOOGL,2023~(이후),%R(28) · %K<10 & %R<-90,1,1.0,1.0,1.0,1.0,0.2330356542132177,0.2330356542132177
META,2010~2022(영상 기간),기준선: 아무 주,555,0.6072072072072072,0.6216216216216216,0.654054054054054,0.7693693693693694,0.06397935388808747,-0.5017002494071653
META,2010~2022(영상 기간),%R(14) · %K<20 & %R<-80,7,0.5714285714285714,0.8571428571428571,0.5714285714285714,0.7142857142857143,0.22090252753909942,-0.1571393288285089
META,2010~2022(영상 기간),%R(14) · %K<10 & %R<-90,3,0.3333333333333333,0.3333333333333333,0.0,0.6666666666666666,-0.1066744406865977,-0.2331062262005773
META,2010~2022(영상 기간),%R(21) · %K<20 & %R<-80,6,0.5,0.8333333333333334,0.5,0.6666666666666666,0.20517859858659473,-0.1571393288285089
META,2010~2022(영상 기간),%R(21) · %K<10 & %R<-90,3,0.3333333333333333,0.3333333333333333,0.0,0.6666666666666666,-0.1066744406865977,-0.2331062262005773
META,2010~2022(영상 기간),%R(28) · %K<20 & %R<-80,6,0.5,0.8333333333333334,0.5,0.6666666666666666,0.26173872128403985,-0.15215900949357375
META,2010~2022(영상 기간),%R(28) · %K<10 & %R<-90,3,0.3333333333333333,0.3333333333333333,0.0,0.6666666666666666,-0.050523907037083426,-0.06465462525203447
META,2023~(이후),기준선: 아무 주,183,0.6302083333333334,0.6648936170212766,0.6939890710382514,0.7470588235294118,0.11295840964791126,-0.22384519550713833
META,2023~(이후),%R(14) · %K<20 & %R<-80,3,1.0,1.0,1.0,0.6666666666666666,0.17838008029708985,0.04665987724237919
META,2023~(이후),%R(14) · %K<10 & %R<-90,0,,,,,,
META,2023~(이후),%R(21) · %K<20 & %R<-80,3,1.0,1.0,1.0,0.6666666666666666,0.17838008029708985,0.04665987724237919
META,2023~(이후),%R(21) · %K<10 & %R<-90,0,,,,,,
META,2023~(이후),%R(28) · %K<20 & %R<-80,3,1.0,1.0,1.0,1.0,0.17364540847191176,0.04665987724237919
META,2023~(이후),%R(28) · %K<10 & %R<-90,0,,,,,,
AVGO,2010~2022(영상 기간),기준선: 아무 주,679,0.6200294550810015,0.6627393225331369,0.7187039764359352,0.7658321060382917,0.07705515867060683,-0.39742945605226543
AVGO,2010~2022(영상 기간),%R(14) · %K<20 & %R<-80,5,0.8,1.0,0.8,1.0,0.18814643369634326,-0.07079774384895643
AVGO,2010~2022(영상 기간),%R(14) · %K<10 & %R<-90,0,,,,,,
AVGO,2010~2022(영상 기간),%R(21) · %K<20 & %R<-80,5,0.8,1.0,0.8,1.0,0.18814643369634326,-0.07079774384895643
AVGO,2010~2022(영상 기간),%R(21) · %K<10 & %R<-90,0,,,,,,
AVGO,2010~2022(영상 기간),%R(28) · %K<20 & %R<-80,3,1.0,1.0,0.6666666666666666,1.0,0.20445416390469737,-0.07079774384895643
AVGO,2010~2022(영상 기간),%R(28) · %K<10 & %R<-90,0,,,,,,
AVGO,2023~(이후),기준선: 아무 주,183,0.6302083333333334,0.6861702127659575,0.7431693989071039,0.9470588235294117,0.15568411008496408,-0.3709310197103133
AVGO,2023~(이후),%R(14) · %K<20 & %R<-80,2,1.0,1.0,1.0,1.0,0.2139816346452672,0.2139816346452672
AVGO,2023~(이후),%R(14) · %K<10 & %R<-90,0,,,,,,
AVGO,2023~(이후),%R(21) · %K<20 & %R<-80,2,1.0,1.0,1.0,1.0,0.2139816346452672,0.2139816346452672
AVGO,2023~(이후),%R(21) · %K<10 & %R<-90,0,,,,,,
AVGO,2023~(이후),%R(28) · %K<20 & %R<-80,1,1.0,1.0,1.0,1.0,0.2139816346452672,0.2139816346452672
AVGO,2023~(이후),%R(28) · %K<10 & %R<-90,0,,,,,,
TSLA,2010~2022(영상 기간),기준선: 아무 주,653,0.5620214395099541,0.555895865237366,0.5788667687595712,0.6309341500765697,0.15567504314785846,-0.5527185285589813
TSLA,2010~2022(영상 기간),%R(14) · %K<20 & %R<-80,12,0.6666666666666666,0.8333333333333334,0.75,0.5833333333333334,0.22598734823955957,-0.2802843865218373
TSLA,2010~2022(영상 기간),%R(14) · %K<10 & %R<-90,2,0.5,0.5,0.5,0.5,0.018861660430593064,-0.16130490256698227
TSLA,2010~2022(영상 기간),%R(21) · %K<20 & %R<-80,11,0.6363636363636364,0.8181818181818182,0.7272727272727273,0.5454545454545454,0.17300044141736065,-0.21969281942740904
TSLA,2010~2022(영상 기간),%R(21) · %K<10 & %R<-90,2,0.5,0.5,0.5,0.5,0.018861660430593064,-0.16130490256698227
TSLA,2010~2022(영상 기간),%R(28) · %K<20 & %R<-80,11,0.8181818181818182,0.8181818181818182,0.7272727272727273,0.6363636363636364,0.16140391994162645,-0.2215123815402309
TSLA,2010~2022(영상 기간),%R(28) · %K<10 & %R<-90,2,0.5,1.0,1.0,1.0,0.1539913619443295,0.1089545004604906
TSLA,2023~(이후),기준선: 아무 주,183,0.546875,0.5478723404255319,0.546448087431694,0.5941176470588235,0.0878294549221149,-0.4340680067592321
TSLA,2023~(이후),%R(14) · %K<20 & %R<-80,3,0.3333333333333333,0.6666666666666666,0.6666666666666666,0.6666666666666666,0.0913210465765627,-0.06631242197526321
TSLA,2023~(이후),%R(14) · %K<10 & %R<-90,2,1.0,1.0,1.0,1.0,0.287351811206898,0.04941548668255957
TSLA,2023~(이후),%R(21) · %K<20 & %R<-80,3,0.3333333333333333,0.6666666666666666,0.6666666666666666,0.6666666666666666,0.07020222714510693,-0.12966888026963053
TSLA,2023~(이후),%R(21) · %K<10 & %R<-90,2,1.0,1.0,1.0,1.0,0.287351811206898,0.04941548668255957
TSLA,2023~(이후),%R(28) · %K<20 & %R<-80,3,0.6666666666666666,0.6666666666666666,0.6666666666666666,0.6666666666666666,0.08669386232859211,-0.12966888026963053
TSLA,2023~(이후),%R(28) · %K<10 & %R<-90,2,1.0,1.0,1.0,1.0,0.287351811206898,0.04941548668255957
BRK-B,2010~2022(영상 기간),기준선: 아무 주,679,0.5964653902798233,0.6244477172312224,0.6524300441826215,0.7378497790868925,0.03045563116022129,-0.2537478054558243
BRK-B,2010~2022(영상 기간),%R(14) · %K<20 & %R<-80,7,0.5714285714285714,0.7142857142857143,0.5714285714285714,0.7142857142857143,0.057467698978218094,-0.1319867788177308
BRK-B,2010~2022(영상 기간),%R(14) · %K<10 & %R<-90,1,1.0,0.0,0.0,1.0,-0.09022947217597332,-0.09022947217597332
BRK-B,2010~2022(영상 기간),%R(21) · %K<20 & %R<-80,7,0.5714285714285714,0.7142857142857143,0.5714285714285714,0.7142857142857143,0.057467698978218094,-0.1319867788177308
BRK-B,2010~2022(영상 기간),%R(21) · %K<10 & %R<-90,1,1.0,0.0,0.0,1.0,-0.09022947217597332,-0.09022947217597332
BRK-B,2010~2022(영상 기간),%R(28) · %K<20 & %R<-80,7,0.7142857142857143,0.7142857142857143,0.5714285714285714,0.7142857142857143,0.05324426617454757,-0.1319867788177308
BRK-B,2010~2022(영상 기간),%R(28) · %K<10 & %R<-90,1,1.0,0.0,0.0,1.0,-0.09022947217597332,-0.09022947217597332
BRK-B,2023~(이후),기준선: 아무 주,183,0.6041666666666666,0.6648936170212766,0.7103825136612022,0.8117647058823529,0.037439387373548995,-0.1240459299172113
BRK-B,2023~(이후),%R(14) · %K<20 & %R<-80,2,1.0,1.0,1.0,1.0,0.032254121414529324,0.009939963292937337
BRK-B,2023~(이후),%R(14) · %K<10 & %R<-90,0,,,,,,
BRK-B,2023~(이후),%R(21) · %K<20 & %R<-80,2,1.0,1.0,1.0,1.0,0.032254121414529324,0.009939963292937337
BRK-B,2023~(이후),%R(21) · %K<10 & %R<-90,0,,,,,,
BRK-B,2023~(이후),%R(28) · %K<20 & %R<-80,2,1.0,1.0,1.0,1.0,0.06344658508772705,0.05456827953612131
BRK-B,2023~(이후),%R(28) · %K<10 & %R<-90,0,,,,,,
JPM,2010~2022(영상 기간),기준선: 아무 주,679,0.5787923416789397,0.6111929307805597,0.6347569955817378,0.6656848306332842,0.030732768514125083,-0.3924388804632566
JPM,2010~2022(영상 기간),%R(14) · %K<20 & %R<-80,10,0.8,0.8,0.7,0.7,0.013991891196499984,-0.16694728596721797
JPM,2010~2022(영상 기간),%R(14) · %K<10 & %R<-90,1,1.0,0.0,0.0,1.0,-0.03351206417179842,-0.03351206417179842
JPM,2010~2022(영상 기간),%R(21) · %K<20 & %R<-80,10,0.8,0.8,0.6,0.7,0.0039213306795054526,-0.16694728596721797
JPM,2010~2022(영상 기간),%R(21) · %K<10 & %R<-90,1,1.0,0.0,0.0,1.0,-0.03351206417179842,-0.03351206417179842
JPM,2010~2022(영상 기간),%R(28) · %K<20 & %R<-80,8,0.75,0.75,0.625,0.625,-0.006230206893879972,-0.1806372321004911
JPM,2010~2022(영상 기간),%R(28) · %K<10 & %R<-90,1,1.0,0.0,0.0,1.0,-0.03351206417179842,-0.03351206417179842
JPM,2023~(이후),기준선: 아무 주,183,0.6197916666666666,0.75,0.7704918032786885,0.9235294117647059,0.07270493508755811,-0.13744627129662246
JPM,2023~(이후),%R(14) · %K<20 & %R<-80,1,1.0,1.0,1.0,1.0,0.1349106783622318,0.1349106783622318
JPM,2023~(이후),%R(14) · %K<10 & %R<-90,0,,,,,,
JPM,2023~(이후),%R(21) · %K<20 & %R<-80,1,1.0,1.0,1.0,1.0,0.1349106783622318,0.1349106783622318
JPM,2023~(이후),%R(21) · %K<10 & %R<-90,0,,,,,,
JPM,2023~(이후),%R(28) · %K<20 & %R<-80,1,1.0,1.0,1.0,1.0,0.1349106783622318,0.1349106783622318
JPM,2023~(이후),%R(28) · %K<10 & %R<-90,0,,,,,,
